video_id,reason
00412,missing_frame_dir
00419,missing_frame_dir
00422,missing_frame_dir
00423,missing_frame_dir
00424,missing_frame_dir
00425,missing_frame_dir
00618,missing_frame_dir
00630,missing_frame_dir
00635,missing_frame_dir
00636,missing_frame_dir
00638,missing_frame_dir
01382,missing_frame_dir
01390,missing_frame_dir
01392,missing_frame_dir
01393,missing_frame_dir
01394,missing_frame_dir
01395,missing_frame_dir
01396,missing_frame_dir
01397,missing_frame_dir
01457,missing_frame_dir
01465,missing_frame_dir
01467,missing_frame_dir
01468,missing_frame_dir
01469,missing_frame_dir
01470,missing_frame_dir
01912,missing_frame_dir
01989,missing_frame_dir
01990,missing_frame_dir
01995,missing_frame_dir
01996,missing_frame_dir
01997,missing_frame_dir
01998,missing_frame_dir
01999,missing_frame_dir
02000,missing_frame_dir
02002,missing_frame_dir
02227,missing_frame_dir
02232,missing_frame_dir
02234,missing_frame_dir
02235,missing_frame_dir
02236,missing_frame_dir
02237,missing_frame_dir
02581,missing_frame_dir
02588,missing_frame_dir
02590,missing_frame_dir
02591,missing_frame_dir
02997,missing_frame_dir
03004,missing_frame_dir
03006,missing_frame_dir
03007,missing_frame_dir
03117,missing_frame_dir
03123,missing_frame_dir
03126,missing_frame_dir
03127,missing_frame_dir
03128,missing_frame_dir
03129,missing_frame_dir
03130,missing_frame_dir
03266,missing_frame_dir
03276,missing_frame_dir
03280,missing_frame_dir
03281,missing_frame_dir
03434,missing_frame_dir
03440,missing_frame_dir
03442,missing_frame_dir
03443,missing_frame_dir
03444,missing_frame_dir
04484,missing_frame_dir
04510,missing_frame_dir
04512,missing_frame_dir
04513,missing_frame_dir
04595,missing_frame_dir
04596,missing_frame_dir
04597,missing_frame_dir
04602,missing_frame_dir
04603,missing_frame_dir
04614,missing_frame_dir
04621,missing_frame_dir
04622,missing_frame_dir
04626,missing_frame_dir
04627,missing_frame_dir
04628,missing_frame_dir
04629,missing_frame_dir
04630,missing_frame_dir
04694,missing_frame_dir
04716,missing_frame_dir
04720,missing_frame_dir
04721,missing_frame_dir
04722,missing_frame_dir
04764,missing_frame_dir
04771,missing_frame_dir
04773,missing_frame_dir
04774,missing_frame_dir
04790,missing_frame_dir
04800,missing_frame_dir
04804,missing_frame_dir
04805,missing_frame_dir
04833,missing_frame_dir
04853,missing_frame_dir
04859,missing_frame_dir
04860,missing_frame_dir
04861,missing_frame_dir
04862,missing_frame_dir
04895,missing_frame_dir
04901,missing_frame_dir
04902,missing_frame_dir
04904,missing_frame_dir
04905,missing_frame_dir
05092,missing_frame_dir
05093,missing_frame_dir
05099,missing_frame_dir
05101,missing_frame_dir
05227,missing_frame_dir
05236,missing_frame_dir
05237,missing_frame_dir
05241,missing_frame_dir
05270,missing_frame_dir
05279,missing_frame_dir
05281,missing_frame_dir
05282,missing_frame_dir
05283,missing_frame_dir
05284,missing_frame_dir
05296,missing_frame_dir
05301,missing_frame_dir
05302,missing_frame_dir
05304,missing_frame_dir
05305,missing_frame_dir
05307,missing_frame_dir
05308,missing_frame_dir
05309,missing_frame_dir
05474,missing_frame_dir
05475,missing_frame_dir
05477,missing_frame_dir
05595,missing_frame_dir
05603,missing_frame_dir
05607,missing_frame_dir
05608,missing_frame_dir
05628,missing_frame_dir
05635,missing_frame_dir
05639,missing_frame_dir
05641,missing_frame_dir
05642,missing_frame_dir
05643,missing_frame_dir
05724,missing_frame_dir
05735,missing_frame_dir
05736,missing_frame_dir
05737,missing_frame_dir
05744,missing_frame_dir
05746,missing_frame_dir
05747,missing_frame_dir
05748,missing_frame_dir
05800,missing_frame_dir
05805,missing_frame_dir
05806,missing_frame_dir
05809,missing_frame_dir
05810,missing_frame_dir
05813,missing_frame_dir
05814,missing_frame_dir
05815,missing_frame_dir
06326,missing_frame_dir
06336,missing_frame_dir
06338,missing_frame_dir
06339,missing_frame_dir
06340,missing_frame_dir
06341,missing_frame_dir
06342,missing_frame_dir
06355,missing_frame_dir
06361,missing_frame_dir
06362,missing_frame_dir
06366,missing_frame_dir
06367,missing_frame_dir
06368,missing_frame_dir
06369,missing_frame_dir
06370,missing_frame_dir
06455,missing_frame_dir
06475,missing_frame_dir
06480,missing_frame_dir
06481,missing_frame_dir
06482,missing_frame_dir
06483,missing_frame_dir
06484,missing_frame_dir
06485,missing_frame_dir
06550,missing_frame_dir
06557,missing_frame_dir
06560,missing_frame_dir
06561,missing_frame_dir
06562,missing_frame_dir
06822,missing_frame_dir
06836,missing_frame_dir
06837,missing_frame_dir
06838,missing_frame_dir
06840,missing_frame_dir
06841,missing_frame_dir
06842,missing_frame_dir
06843,missing_frame_dir
06844,missing_frame_dir
07071,missing_frame_dir
07072,missing_frame_dir
07073,missing_frame_dir
07075,missing_frame_dir
07076,missing_frame_dir
07077,missing_frame_dir
07078,missing_frame_dir
07079,missing_frame_dir
07080,missing_frame_dir
07081,missing_frame_dir
07082,missing_frame_dir
07083,missing_frame_dir
07084,missing_frame_dir
07085,missing_frame_dir
07086,missing_frame_dir
07087,missing_frame_dir
07088,missing_frame_dir
07089,missing_frame_dir
07090,missing_frame_dir
07091,missing_frame_dir
07092,missing_frame_dir
07093,missing_frame_dir
07094,missing_frame_dir
07095,missing_frame_dir
07096,missing_frame_dir
07097,missing_frame_dir
07098,missing_frame_dir
07383,missing_frame_dir
07395,missing_frame_dir
07396,missing_frame_dir
07401,missing_frame_dir
07402,missing_frame_dir
07403,missing_frame_dir
07436,missing_frame_dir
07457,missing_frame_dir
07459,missing_frame_dir
07460,missing_frame_dir
07461,missing_frame_dir
07803,missing_frame_dir
07809,missing_frame_dir
07812,missing_frame_dir
07813,missing_frame_dir
07814,missing_frame_dir
07929,missing_frame_dir
07939,missing_frame_dir
07941,missing_frame_dir
07942,missing_frame_dir
07957,missing_frame_dir
07964,missing_frame_dir
07967,missing_frame_dir
07968,missing_frame_dir
07969,missing_frame_dir
07971,missing_frame_dir
07972,missing_frame_dir
08363,missing_frame_dir
08371,missing_frame_dir
08374,missing_frame_dir
08375,missing_frame_dir
08376,missing_frame_dir
08377,missing_frame_dir
08378,missing_frame_dir
08421,missing_frame_dir
08427,missing_frame_dir
08428,missing_frame_dir
08432,missing_frame_dir
08433,missing_frame_dir
08434,missing_frame_dir
08435,missing_frame_dir
08436,missing_frame_dir
08478,missing_frame_dir
08487,missing_frame_dir
08489,missing_frame_dir
08490,missing_frame_dir
08491,missing_frame_dir
08695,missing_frame_dir
08697,missing_frame_dir
08698,missing_frame_dir
08909,missing_frame_dir
08922,missing_frame_dir
08923,missing_frame_dir
08926,missing_frame_dir
08927,missing_frame_dir
08928,missing_frame_dir
08939,missing_frame_dir
08945,missing_frame_dir
08946,missing_frame_dir
08947,missing_frame_dir
08948,missing_frame_dir
08949,missing_frame_dir
08950,missing_frame_dir
08951,missing_frame_dir
08952,missing_frame_dir
08953,missing_frame_dir
09178,missing_frame_dir
09183,missing_frame_dir
09184,missing_frame_dir
09187,missing_frame_dir
09431,missing_frame_dir
09462,missing_frame_dir
09463,missing_frame_dir
09464,missing_frame_dir
09470,missing_frame_dir
09472,missing_frame_dir
09530,missing_frame_dir
09531,missing_frame_dir
09534,missing_frame_dir
09535,missing_frame_dir
09536,missing_frame_dir
09537,missing_frame_dir
09719,missing_frame_dir
09724,missing_frame_dir
09727,missing_frame_dir
09728,missing_frame_dir
09729,missing_frame_dir
09730,missing_frame_dir
09731,missing_frame_dir
09773,missing_frame_dir
09782,missing_frame_dir
09783,missing_frame_dir
09784,missing_frame_dir
09785,missing_frame_dir
09847,missing_frame_dir
09853,missing_frame_dir
09855,missing_frame_dir
09856,missing_frame_dir
09857,missing_frame_dir
09858,missing_frame_dir
09859,missing_frame_dir
09860,missing_frame_dir
09861,missing_frame_dir
09862,missing_frame_dir
09863,missing_frame_dir
09865,missing_frame_dir
09866,missing_frame_dir
09867,missing_frame_dir
09914,missing_frame_dir
09923,missing_frame_dir
09925,missing_frame_dir
09945,missing_frame_dir
09961,missing_frame_dir
09962,missing_frame_dir
09968,missing_frame_dir
09969,missing_frame_dir
10099,missing_frame_dir
10108,missing_frame_dir
10114,missing_frame_dir
10146,missing_frame_dir
10156,missing_frame_dir
10160,missing_frame_dir
10161,missing_frame_dir
10162,missing_frame_dir
10164,missing_frame_dir
10189,missing_frame_dir
10193,missing_frame_dir
10194,missing_frame_dir
10195,missing_frame_dir
10196,missing_frame_dir
10260,missing_frame_dir
10270,missing_frame_dir
10272,missing_frame_dir
10273,missing_frame_dir
10274,missing_frame_dir
10465,missing_frame_dir
10469,missing_frame_dir
10470,missing_frame_dir
10471,missing_frame_dir
10472,missing_frame_dir
10473,missing_frame_dir
10696,missing_frame_dir
10706,missing_frame_dir
10707,missing_frame_dir
10712,missing_frame_dir
10713,missing_frame_dir
10714,missing_frame_dir
10888,missing_frame_dir
10896,missing_frame_dir
10899,missing_frame_dir
10900,missing_frame_dir
10901,missing_frame_dir
10902,missing_frame_dir
10903,missing_frame_dir
10965,missing_frame_dir
10971,missing_frame_dir
10974,missing_frame_dir
10975,missing_frame_dir
11197,missing_frame_dir
11201,missing_frame_dir
11202,missing_frame_dir
11204,missing_frame_dir
11205,missing_frame_dir
11206,missing_frame_dir
11209,missing_frame_dir
11210,missing_frame_dir
11212,missing_frame_dir
11255,missing_frame_dir
11256,missing_frame_dir
11257,missing_frame_dir
11259,missing_frame_dir
11264,missing_frame_dir
11265,missing_frame_dir
11305,missing_frame_dir
11312,missing_frame_dir
11314,missing_frame_dir
11315,missing_frame_dir
11316,missing_frame_dir
11317,missing_frame_dir
11318,missing_frame_dir
11319,missing_frame_dir
11320,missing_frame_dir
11321,missing_frame_dir
11322,missing_frame_dir
11323,missing_frame_dir
11324,missing_frame_dir
11325,missing_frame_dir
11326,missing_frame_dir
11327,missing_frame_dir
11328,missing_frame_dir
11329,missing_frame_dir
11552,missing_frame_dir
11562,missing_frame_dir
11564,missing_frame_dir
11565,missing_frame_dir
11630,missing_frame_dir
11636,missing_frame_dir
11637,missing_frame_dir
11704,missing_frame_dir
11712,missing_frame_dir
11714,missing_frame_dir
11715,missing_frame_dir
11716,missing_frame_dir
11717,missing_frame_dir
11752,missing_frame_dir
11771,missing_frame_dir
11774,missing_frame_dir
11775,missing_frame_dir
11776,missing_frame_dir
11777,missing_frame_dir
11778,missing_frame_dir
11779,missing_frame_dir
12306,missing_frame_dir
12321,missing_frame_dir
12322,missing_frame_dir
12323,missing_frame_dir
12324,missing_frame_dir
12329,missing_frame_dir
12330,missing_frame_dir
12331,missing_frame_dir
12332,missing_frame_dir
12333,missing_frame_dir
12335,missing_frame_dir
12336,missing_frame_dir
12337,missing_frame_dir
13133,missing_frame_dir
13139,missing_frame_dir
13141,missing_frame_dir
13146,missing_frame_dir
13147,missing_frame_dir
13154,missing_frame_dir
13159,missing_frame_dir
13162,missing_frame_dir
13164,missing_frame_dir
13165,missing_frame_dir
13166,missing_frame_dir
13205,missing_frame_dir
13206,missing_frame_dir
13207,missing_frame_dir
13214,missing_frame_dir
13258,missing_frame_dir
13270,missing_frame_dir
13271,missing_frame_dir
13272,missing_frame_dir
13276,missing_frame_dir
13277,missing_frame_dir
13309,missing_frame_dir
13330,missing_frame_dir
13331,missing_frame_dir
13335,missing_frame_dir
13336,missing_frame_dir
13467,missing_frame_dir
13471,missing_frame_dir
13472,missing_frame_dir
13474,missing_frame_dir
13475,missing_frame_dir
13476,missing_frame_dir
13477,missing_frame_dir
13542,missing_frame_dir
13547,missing_frame_dir
13548,missing_frame_dir
13552,missing_frame_dir
13553,missing_frame_dir
13637,missing_frame_dir
13638,missing_frame_dir
13639,missing_frame_dir
13643,missing_frame_dir
13644,missing_frame_dir
13645,missing_frame_dir
13681,missing_frame_dir
13700,missing_frame_dir
13701,missing_frame_dir
13704,missing_frame_dir
13705,missing_frame_dir
13706,missing_frame_dir
13707,missing_frame_dir
13708,missing_frame_dir
13709,missing_frame_dir
13801,missing_frame_dir
13802,missing_frame_dir
13809,missing_frame_dir
13810,missing_frame_dir
13811,missing_frame_dir
13850,missing_frame_dir
13856,missing_frame_dir
13857,missing_frame_dir
13861,missing_frame_dir
13862,missing_frame_dir
14172,missing_frame_dir
14178,missing_frame_dir
14179,missing_frame_dir
14185,missing_frame_dir
14186,missing_frame_dir
14187,missing_frame_dir
14450,missing_frame_dir
14455,missing_frame_dir
14456,missing_frame_dir
14459,missing_frame_dir
14460,missing_frame_dir
14621,missing_frame_dir
14626,missing_frame_dir
14628,missing_frame_dir
14629,missing_frame_dir
14630,missing_frame_dir
14631,missing_frame_dir
14632,missing_frame_dir
14669,missing_frame_dir
14677,missing_frame_dir
14678,missing_frame_dir
14679,missing_frame_dir
14682,missing_frame_dir
14683,missing_frame_dir
14684,missing_frame_dir
14748,missing_frame_dir
14754,missing_frame_dir
14758,missing_frame_dir
14759,missing_frame_dir
14780,missing_frame_dir
14797,missing_frame_dir
14800,missing_frame_dir
14801,missing_frame_dir
14802,missing_frame_dir
14855,missing_frame_dir
14889,missing_frame_dir
14891,missing_frame_dir
14895,missing_frame_dir
14896,missing_frame_dir
14898,missing_frame_dir
14899,missing_frame_dir
14900,missing_frame_dir
14901,missing_frame_dir
15031,missing_frame_dir
15036,missing_frame_dir
15039,missing_frame_dir
15040,missing_frame_dir
15041,missing_frame_dir
15042,missing_frame_dir
15317,missing_frame_dir
15324,missing_frame_dir
15331,missing_frame_dir
15368,missing_frame_dir
15372,missing_frame_dir
15373,missing_frame_dir
16190,missing_frame_dir
16196,missing_frame_dir
16197,missing_frame_dir
16199,missing_frame_dir
16200,missing_frame_dir
16201,missing_frame_dir
16202,missing_frame_dir
16437,missing_frame_dir
16442,missing_frame_dir
16447,missing_frame_dir
16448,missing_frame_dir
16449,missing_frame_dir
16581,missing_frame_dir
16588,missing_frame_dir
16590,missing_frame_dir
16594,missing_frame_dir
16595,missing_frame_dir
16596,missing_frame_dir
16597,missing_frame_dir
16961,missing_frame_dir
16971,missing_frame_dir
16973,missing_frame_dir
16975,missing_frame_dir
17007,missing_frame_dir
17018,missing_frame_dir
17022,missing_frame_dir
17023,missing_frame_dir
17024,missing_frame_dir
17025,missing_frame_dir
17076,missing_frame_dir
17088,missing_frame_dir
17092,missing_frame_dir
17093,missing_frame_dir
17095,missing_frame_dir
17096,missing_frame_dir
17317,missing_frame_dir
17329,missing_frame_dir
17331,missing_frame_dir
17332,missing_frame_dir
17333,missing_frame_dir
17334,missing_frame_dir
17335,missing_frame_dir
17597,missing_frame_dir
17601,missing_frame_dir
17602,missing_frame_dir
17604,missing_frame_dir
17605,missing_frame_dir
17658,missing_frame_dir
17661,missing_frame_dir
17664,missing_frame_dir
17714,missing_frame_dir
17715,missing_frame_dir
17716,missing_frame_dir
17717,missing_frame_dir
17718,missing_frame_dir
17719,missing_frame_dir
17725,missing_frame_dir
17726,missing_frame_dir
17727,missing_frame_dir
17728,missing_frame_dir
17729,missing_frame_dir
17730,missing_frame_dir
17731,missing_frame_dir
17732,missing_frame_dir
17751,missing_frame_dir
17763,missing_frame_dir
17764,missing_frame_dir
17765,missing_frame_dir
17770,missing_frame_dir
17771,missing_frame_dir
17825,missing_frame_dir
17826,missing_frame_dir
17829,missing_frame_dir
17830,missing_frame_dir
17831,missing_frame_dir
18270,missing_frame_dir
18293,missing_frame_dir
18295,missing_frame_dir
18296,missing_frame_dir
18297,missing_frame_dir
18301,missing_frame_dir
18309,missing_frame_dir
18312,missing_frame_dir
18313,missing_frame_dir
18316,missing_frame_dir
18326,missing_frame_dir
18328,missing_frame_dir
18331,missing_frame_dir
18332,missing_frame_dir
18333,missing_frame_dir
18334,missing_frame_dir
18485,missing_frame_dir
18489,missing_frame_dir
18491,missing_frame_dir
18496,missing_frame_dir
18497,missing_frame_dir
19255,missing_frame_dir
19262,missing_frame_dir
19263,missing_frame_dir
19265,missing_frame_dir
19266,missing_frame_dir
19267,missing_frame_dir
19268,missing_frame_dir
19402,missing_frame_dir
19413,missing_frame_dir
19417,missing_frame_dir
20064,missing_frame_dir
20065,missing_frame_dir
20073,missing_frame_dir
20075,missing_frame_dir
20076,missing_frame_dir
20976,missing_frame_dir
20984,missing_frame_dir
20985,missing_frame_dir
20988,missing_frame_dir
20989,missing_frame_dir
20990,missing_frame_dir
20991,missing_frame_dir
21052,missing_frame_dir
21076,missing_frame_dir
21079,missing_frame_dir
21080,missing_frame_dir
21202,missing_frame_dir
21210,missing_frame_dir
21217,missing_frame_dir
21218,missing_frame_dir
21219,missing_frame_dir
21220,missing_frame_dir
21239,missing_frame_dir
21246,missing_frame_dir
21248,missing_frame_dir
21250,missing_frame_dir
21272,missing_frame_dir
21277,missing_frame_dir
21284,missing_frame_dir
21285,missing_frame_dir
21425,missing_frame_dir
21435,missing_frame_dir
21437,missing_frame_dir
21438,missing_frame_dir
21439,missing_frame_dir
21440,missing_frame_dir
21441,missing_frame_dir
21875,missing_frame_dir
21876,missing_frame_dir
21884,missing_frame_dir
21885,missing_frame_dir
21886,missing_frame_dir
21887,missing_frame_dir
21888,missing_frame_dir
21889,missing_frame_dir
21933,missing_frame_dir
21946,missing_frame_dir
21952,missing_frame_dir
21953,missing_frame_dir
21954,missing_frame_dir
21955,missing_frame_dir
21956,missing_frame_dir
22071,missing_frame_dir
22088,missing_frame_dir
22089,missing_frame_dir
22096,missing_frame_dir
22097,missing_frame_dir
22109,missing_frame_dir
22118,missing_frame_dir
22119,missing_frame_dir
22124,missing_frame_dir
22125,missing_frame_dir
22126,missing_frame_dir
22127,missing_frame_dir
22128,missing_frame_dir
22129,missing_frame_dir
22537,missing_frame_dir
22552,missing_frame_dir
22554,missing_frame_dir
22555,missing_frame_dir
22556,missing_frame_dir
22557,missing_frame_dir
22798,missing_frame_dir
22809,missing_frame_dir
22814,missing_frame_dir
22815,missing_frame_dir
22956,missing_frame_dir
22959,missing_frame_dir
22961,missing_frame_dir
22962,missing_frame_dir
22963,missing_frame_dir
22964,missing_frame_dir
22965,missing_frame_dir
22966,missing_frame_dir
23567,missing_frame_dir
23573,missing_frame_dir
23575,missing_frame_dir
23576,missing_frame_dir
23577,missing_frame_dir
23579,missing_frame_dir
23584,missing_frame_dir
23586,missing_frame_dir
23587,missing_frame_dir
23588,missing_frame_dir
23772,missing_frame_dir
23773,missing_frame_dir
23777,missing_frame_dir
23778,missing_frame_dir
23779,missing_frame_dir
23780,missing_frame_dir
23945,missing_frame_dir
23949,missing_frame_dir
23954,missing_frame_dir
23955,missing_frame_dir
24023,missing_frame_dir
24028,missing_frame_dir
24030,missing_frame_dir
24031,missing_frame_dir
24032,missing_frame_dir
24590,missing_frame_dir
24610,missing_frame_dir
24612,missing_frame_dir
24613,missing_frame_dir
24642,missing_frame_dir
24643,missing_frame_dir
24645,missing_frame_dir
24652,missing_frame_dir
24655,missing_frame_dir
24656,missing_frame_dir
24657,missing_frame_dir
24658,missing_frame_dir
24659,missing_frame_dir
24718,missing_frame_dir
24729,missing_frame_dir
24731,missing_frame_dir
24857,missing_frame_dir
24948,missing_frame_dir
24950,missing_frame_dir
24951,missing_frame_dir
24965,missing_frame_dir
24969,missing_frame_dir
24970,missing_frame_dir
24971,missing_frame_dir
24972,missing_frame_dir
25037,missing_frame_dir
25071,missing_frame_dir
25074,missing_frame_dir
25075,missing_frame_dir
25240,missing_frame_dir
25249,missing_frame_dir
25251,missing_frame_dir
25252,missing_frame_dir
25318,missing_frame_dir
25327,missing_frame_dir
25328,missing_frame_dir
25332,missing_frame_dir
25333,missing_frame_dir
25337,missing_frame_dir
25338,missing_frame_dir
25674,missing_frame_dir
25688,missing_frame_dir
25690,missing_frame_dir
25691,missing_frame_dir
25692,missing_frame_dir
25693,missing_frame_dir
25694,missing_frame_dir
26122,missing_frame_dir
26167,missing_frame_dir
26169,missing_frame_dir
26170,missing_frame_dir
26172,missing_frame_dir
26250,missing_frame_dir
26256,missing_frame_dir
26258,missing_frame_dir
26260,missing_frame_dir
26261,missing_frame_dir
26506,missing_frame_dir
26528,missing_frame_dir
26533,missing_frame_dir
26534,missing_frame_dir
26535,missing_frame_dir
26536,missing_frame_dir
26559,missing_frame_dir
26571,missing_frame_dir
26572,missing_frame_dir
26576,missing_frame_dir
26577,missing_frame_dir
26688,missing_frame_dir
26716,missing_frame_dir
26721,missing_frame_dir
26722,missing_frame_dir
26723,missing_frame_dir
26724,missing_frame_dir
26726,missing_frame_dir
26736,missing_frame_dir
26757,missing_frame_dir
26770,missing_frame_dir
26775,missing_frame_dir
26776,missing_frame_dir
26777,missing_frame_dir
26778,missing_frame_dir
26832,missing_frame_dir
26838,missing_frame_dir
26841,missing_frame_dir
26842,missing_frame_dir
26843,missing_frame_dir
26844,missing_frame_dir
26845,missing_frame_dir
26938,missing_frame_dir
26947,missing_frame_dir
26948,missing_frame_dir
26953,missing_frame_dir
26954,missing_frame_dir
26955,missing_frame_dir
26977,missing_frame_dir
26978,missing_frame_dir
26981,missing_frame_dir
26982,missing_frame_dir
26983,missing_frame_dir
26984,missing_frame_dir
26985,missing_frame_dir
26986,missing_frame_dir
27013,missing_frame_dir
27047,missing_frame_dir
27048,missing_frame_dir
27053,missing_frame_dir
27055,missing_frame_dir
27194,missing_frame_dir
27210,missing_frame_dir
27211,missing_frame_dir
27212,missing_frame_dir
27218,missing_frame_dir
27219,missing_frame_dir
27220,missing_frame_dir
27254,missing_frame_dir
27267,missing_frame_dir
27269,missing_frame_dir
27271,missing_frame_dir
27272,missing_frame_dir
27762,missing_frame_dir
27769,missing_frame_dir
27771,missing_frame_dir
27772,missing_frame_dir
27773,missing_frame_dir
27774,missing_frame_dir
27917,missing_frame_dir
27927,missing_frame_dir
27931,missing_frame_dir
27932,missing_frame_dir
27933,missing_frame_dir
28074,missing_frame_dir
28113,missing_frame_dir
28114,missing_frame_dir
28118,missing_frame_dir
28119,missing_frame_dir
28120,missing_frame_dir
28121,missing_frame_dir
28122,missing_frame_dir
28123,missing_frame_dir
28124,missing_frame_dir
28134,missing_frame_dir
28141,missing_frame_dir
28142,missing_frame_dir
28146,missing_frame_dir
28148,missing_frame_dir
28149,missing_frame_dir
28157,missing_frame_dir
28163,missing_frame_dir
28165,missing_frame_dir
28166,missing_frame_dir
28167,missing_frame_dir
28168,missing_frame_dir
28187,missing_frame_dir
28206,missing_frame_dir
28207,missing_frame_dir
28208,missing_frame_dir
28212,missing_frame_dir
28213,missing_frame_dir
28306,missing_frame_dir
28313,missing_frame_dir
28316,missing_frame_dir
28317,missing_frame_dir
28318,missing_frame_dir
28427,missing_frame_dir
28428,missing_frame_dir
28432,missing_frame_dir
28433,missing_frame_dir
28435,missing_frame_dir
28461,missing_frame_dir
28467,missing_frame_dir
28468,missing_frame_dir
28470,missing_frame_dir
28471,missing_frame_dir
28472,missing_frame_dir
29134,missing_frame_dir
29140,missing_frame_dir
29141,missing_frame_dir
29142,missing_frame_dir
29146,missing_frame_dir
29628,missing_frame_dir
29650,missing_frame_dir
29651,missing_frame_dir
29652,missing_frame_dir
29653,missing_frame_dir
29654,missing_frame_dir
29659,missing_frame_dir
29660,missing_frame_dir
30158,missing_frame_dir
30163,missing_frame_dir
30164,missing_frame_dir
30165,missing_frame_dir
30227,missing_frame_dir
30237,missing_frame_dir
30238,missing_frame_dir
30240,missing_frame_dir
30241,missing_frame_dir
30830,missing_frame_dir
30837,missing_frame_dir
30838,missing_frame_dir
30841,missing_frame_dir
30842,missing_frame_dir
30843,missing_frame_dir
30847,missing_frame_dir
30848,missing_frame_dir
31147,missing_frame_dir
31153,missing_frame_dir
31154,missing_frame_dir
31159,missing_frame_dir
31161,missing_frame_dir
31163,missing_frame_dir
31317,missing_frame_dir
31318,missing_frame_dir
31321,missing_frame_dir
31322,missing_frame_dir
31323,missing_frame_dir
31641,missing_frame_dir
31654,missing_frame_dir
31656,missing_frame_dir
31657,missing_frame_dir
31658,missing_frame_dir
31659,missing_frame_dir
31746,missing_frame_dir
31754,missing_frame_dir
31757,missing_frame_dir
31758,missing_frame_dir
31759,missing_frame_dir
31762,missing_frame_dir
31763,missing_frame_dir
31764,missing_frame_dir
31765,missing_frame_dir
31766,missing_frame_dir
31841,missing_frame_dir
31846,missing_frame_dir
31849,missing_frame_dir
31850,missing_frame_dir
31851,missing_frame_dir
31852,missing_frame_dir
31853,missing_frame_dir
31854,missing_frame_dir
31855,missing_frame_dir
31896,missing_frame_dir
31902,missing_frame_dir
31904,missing_frame_dir
31905,missing_frame_dir
31906,missing_frame_dir
31907,missing_frame_dir
31908,missing_frame_dir
32146,missing_frame_dir
32161,missing_frame_dir
32162,missing_frame_dir
32164,missing_frame_dir
32165,missing_frame_dir
32166,missing_frame_dir
32251,missing_frame_dir
32252,missing_frame_dir
32258,missing_frame_dir
32259,missing_frame_dir
32298,missing_frame_dir
32305,missing_frame_dir
32307,missing_frame_dir
32308,missing_frame_dir
32309,missing_frame_dir
32310,missing_frame_dir
32319,missing_frame_dir
32327,missing_frame_dir
32328,missing_frame_dir
32329,missing_frame_dir
32334,missing_frame_dir
32335,missing_frame_dir
32336,missing_frame_dir
32373,missing_frame_dir
32392,missing_frame_dir
32393,missing_frame_dir
32395,missing_frame_dir
32397,missing_frame_dir
32451,missing_frame_dir
32453,missing_frame_dir
32454,missing_frame_dir
32455,missing_frame_dir
32456,missing_frame_dir
32457,missing_frame_dir
32598,missing_frame_dir
32609,missing_frame_dir
32610,missing_frame_dir
32613,missing_frame_dir
32614,missing_frame_dir
32615,missing_frame_dir
32663,missing_frame_dir
32664,missing_frame_dir
32673,missing_frame_dir
32675,missing_frame_dir
32951,missing_frame_dir
32956,missing_frame_dir
32957,missing_frame_dir
33210,missing_frame_dir
33211,missing_frame_dir
33212,missing_frame_dir
33220,missing_frame_dir
33221,missing_frame_dir
33224,missing_frame_dir
33271,missing_frame_dir
33277,missing_frame_dir
33278,missing_frame_dir
33279,missing_frame_dir
33280,missing_frame_dir
33281,missing_frame_dir
33282,missing_frame_dir
33283,missing_frame_dir
33284,missing_frame_dir
33450,missing_frame_dir
33478,missing_frame_dir
33481,missing_frame_dir
33482,missing_frame_dir
33484,missing_frame_dir
33485,missing_frame_dir
33537,missing_frame_dir
33540,missing_frame_dir
33541,missing_frame_dir
33543,missing_frame_dir
33544,missing_frame_dir
34009,missing_frame_dir
34010,missing_frame_dir
34013,missing_frame_dir
34014,missing_frame_dir
34015,missing_frame_dir
34016,missing_frame_dir
34558,missing_frame_dir
34582,missing_frame_dir
34585,missing_frame_dir
34685,missing_frame_dir
34739,missing_frame_dir
34741,missing_frame_dir
34743,missing_frame_dir
34744,missing_frame_dir
34745,missing_frame_dir
34822,missing_frame_dir
34828,missing_frame_dir
34829,missing_frame_dir
34833,missing_frame_dir
34834,missing_frame_dir
34835,missing_frame_dir
34836,missing_frame_dir
34837,missing_frame_dir
34838,missing_frame_dir
35117,missing_frame_dir
35118,missing_frame_dir
35122,missing_frame_dir
35123,missing_frame_dir
35125,missing_frame_dir
35296,missing_frame_dir
35297,missing_frame_dir
35301,missing_frame_dir
35302,missing_frame_dir
35353,missing_frame_dir
35365,missing_frame_dir
35367,missing_frame_dir
35368,missing_frame_dir
35457,missing_frame_dir
35460,missing_frame_dir
35461,missing_frame_dir
35462,missing_frame_dir
35463,missing_frame_dir
35464,missing_frame_dir
35465,missing_frame_dir
35466,missing_frame_dir
35506,missing_frame_dir
35514,missing_frame_dir
35515,missing_frame_dir
35519,missing_frame_dir
35520,missing_frame_dir
35521,missing_frame_dir
35522,missing_frame_dir
36044,missing_frame_dir
36049,missing_frame_dir
36052,missing_frame_dir
36053,missing_frame_dir
36054,missing_frame_dir
36055,missing_frame_dir
36645,missing_frame_dir
36653,missing_frame_dir
36657,missing_frame_dir
36658,missing_frame_dir
36659,missing_frame_dir
36826,missing_frame_dir
36832,missing_frame_dir
36837,missing_frame_dir
36838,missing_frame_dir
36839,missing_frame_dir
36912,missing_frame_dir
36917,missing_frame_dir
36919,missing_frame_dir
36920,missing_frame_dir
36921,missing_frame_dir
36927,missing_frame_dir
36934,missing_frame_dir
36938,missing_frame_dir
36939,missing_frame_dir
36940,missing_frame_dir
36941,missing_frame_dir
36942,missing_frame_dir
36944,missing_frame_dir
36945,missing_frame_dir
37120,missing_frame_dir
37128,missing_frame_dir
37130,missing_frame_dir
37134,missing_frame_dir
37135,missing_frame_dir
37147,missing_frame_dir
37149,missing_frame_dir
37150,missing_frame_dir
37151,missing_frame_dir
37356,missing_frame_dir
37368,missing_frame_dir
37371,missing_frame_dir
37372,missing_frame_dir
37575,missing_frame_dir
37583,missing_frame_dir
37584,missing_frame_dir
37586,missing_frame_dir
37587,missing_frame_dir
37588,missing_frame_dir
37589,missing_frame_dir
37879,missing_frame_dir
37885,missing_frame_dir
37887,missing_frame_dir
37888,missing_frame_dir
37889,missing_frame_dir
37890,missing_frame_dir
37891,missing_frame_dir
37892,missing_frame_dir
37893,missing_frame_dir
38103,missing_frame_dir
38128,missing_frame_dir
38129,missing_frame_dir
38131,missing_frame_dir
38132,missing_frame_dir
38482,missing_frame_dir
38531,missing_frame_dir
38536,missing_frame_dir
38538,missing_frame_dir
38539,missing_frame_dir
38540,missing_frame_dir
38541,missing_frame_dir
38542,missing_frame_dir
38585,missing_frame_dir
38589,missing_frame_dir
38591,missing_frame_dir
38592,missing_frame_dir
38593,missing_frame_dir
38982,missing_frame_dir
38996,missing_frame_dir
39001,missing_frame_dir
39002,missing_frame_dir
39003,missing_frame_dir
39004,missing_frame_dir
39005,missing_frame_dir
39454,missing_frame_dir
39461,missing_frame_dir
39465,missing_frame_dir
39467,missing_frame_dir
39604,missing_frame_dir
39628,missing_frame_dir
39629,missing_frame_dir
39630,missing_frame_dir
39631,missing_frame_dir
39633,missing_frame_dir
39634,missing_frame_dir
40114,missing_frame_dir
40120,missing_frame_dir
40122,missing_frame_dir
40123,missing_frame_dir
40124,missing_frame_dir
40126,missing_frame_dir
40128,missing_frame_dir
40174,missing_frame_dir
40175,missing_frame_dir
40816,missing_frame_dir
40838,missing_frame_dir
40839,missing_frame_dir
40842,missing_frame_dir
40843,missing_frame_dir
40844,missing_frame_dir
40845,missing_frame_dir
40846,missing_frame_dir
40989,missing_frame_dir
40990,missing_frame_dir
40993,missing_frame_dir
40994,missing_frame_dir
40995,missing_frame_dir
41008,missing_frame_dir
41031,missing_frame_dir
41033,missing_frame_dir
41034,missing_frame_dir
41035,missing_frame_dir
41036,missing_frame_dir
41306,missing_frame_dir
41318,missing_frame_dir
41320,missing_frame_dir
41323,missing_frame_dir
41324,missing_frame_dir
41451,missing_frame_dir
41455,missing_frame_dir
41456,missing_frame_dir
41819,missing_frame_dir
41825,missing_frame_dir
41828,missing_frame_dir
41829,missing_frame_dir
41830,missing_frame_dir
41831,missing_frame_dir
41832,missing_frame_dir
42196,missing_frame_dir
42228,missing_frame_dir
42234,missing_frame_dir
42236,missing_frame_dir
42237,missing_frame_dir
42238,missing_frame_dir
42827,missing_frame_dir
42835,missing_frame_dir
42838,missing_frame_dir
42840,missing_frame_dir
42841,missing_frame_dir
42842,missing_frame_dir
42953,missing_frame_dir
42963,missing_frame_dir
42964,missing_frame_dir
42971,missing_frame_dir
42972,missing_frame_dir
42974,missing_frame_dir
42976,missing_frame_dir
43037,missing_frame_dir
43059,missing_frame_dir
43060,missing_frame_dir
43063,missing_frame_dir
43064,missing_frame_dir
43065,missing_frame_dir
43066,missing_frame_dir
43172,missing_frame_dir
43175,missing_frame_dir
43176,missing_frame_dir
43177,missing_frame_dir
43178,missing_frame_dir
43213,missing_frame_dir
43221,missing_frame_dir
43223,missing_frame_dir
43224,missing_frame_dir
43225,missing_frame_dir
43519,missing_frame_dir
43526,missing_frame_dir
43527,missing_frame_dir
43531,missing_frame_dir
43532,missing_frame_dir
43533,missing_frame_dir
43534,missing_frame_dir
44080,missing_frame_dir
44084,missing_frame_dir
44089,missing_frame_dir
44090,missing_frame_dir
44364,missing_frame_dir
44372,missing_frame_dir
44375,missing_frame_dir
44376,missing_frame_dir
44377,missing_frame_dir
44677,missing_frame_dir
44685,missing_frame_dir
44688,missing_frame_dir
44689,missing_frame_dir
44690,missing_frame_dir
45252,missing_frame_dir
45266,missing_frame_dir
45268,missing_frame_dir
45269,missing_frame_dir
45270,missing_frame_dir
45271,missing_frame_dir
45272,missing_frame_dir
45432,missing_frame_dir
45437,missing_frame_dir
45439,missing_frame_dir
45440,missing_frame_dir
45441,missing_frame_dir
45442,missing_frame_dir
45835,missing_frame_dir
45841,missing_frame_dir
45845,missing_frame_dir
45846,missing_frame_dir
45847,missing_frame_dir
45848,missing_frame_dir
45849,missing_frame_dir
45850,missing_frame_dir
46260,missing_frame_dir
46270,missing_frame_dir
46271,missing_frame_dir
46273,missing_frame_dir
46275,missing_frame_dir
46712,missing_frame_dir
46735,missing_frame_dir
46736,missing_frame_dir
46738,missing_frame_dir
46739,missing_frame_dir
46740,missing_frame_dir
46741,missing_frame_dir
47174,missing_frame_dir
47180,missing_frame_dir
47184,missing_frame_dir
47185,missing_frame_dir
47186,missing_frame_dir
47655,missing_frame_dir
47660,missing_frame_dir
47663,missing_frame_dir
47664,missing_frame_dir
47665,missing_frame_dir
48038,missing_frame_dir
48045,missing_frame_dir
48047,missing_frame_dir
48049,missing_frame_dir
48052,missing_frame_dir
48053,missing_frame_dir
48111,missing_frame_dir
48112,missing_frame_dir
48117,missing_frame_dir
48120,missing_frame_dir
48122,missing_frame_dir
48123,missing_frame_dir
48507,missing_frame_dir
48515,missing_frame_dir
48518,missing_frame_dir
48519,missing_frame_dir
48520,missing_frame_dir
48804,missing_frame_dir
48805,missing_frame_dir
48814,missing_frame_dir
48816,missing_frame_dir
48817,missing_frame_dir
48818,missing_frame_dir
48819,missing_frame_dir
48824,missing_frame_dir
48898,missing_frame_dir
48905,missing_frame_dir
48909,missing_frame_dir
48910,missing_frame_dir
48911,missing_frame_dir
48912,missing_frame_dir
49127,missing_frame_dir
49133,missing_frame_dir
49136,missing_frame_dir
49137,missing_frame_dir
49138,missing_frame_dir
49139,missing_frame_dir
49179,missing_frame_dir
49180,missing_frame_dir
49184,missing_frame_dir
49185,missing_frame_dir
49186,missing_frame_dir
49187,missing_frame_dir
49244,missing_frame_dir
49249,missing_frame_dir
49253,missing_frame_dir
49254,missing_frame_dir
49577,missing_frame_dir
49601,missing_frame_dir
49603,missing_frame_dir
49604,missing_frame_dir
49605,missing_frame_dir
50036,missing_frame_dir
50042,missing_frame_dir
50043,missing_frame_dir
50047,missing_frame_dir
50048,missing_frame_dir
50049,missing_frame_dir
50050,missing_frame_dir
50051,missing_frame_dir
50846,missing_frame_dir
50852,missing_frame_dir
50853,missing_frame_dir
50854,missing_frame_dir
50857,missing_frame_dir
50858,missing_frame_dir
50859,missing_frame_dir
50860,missing_frame_dir
50861,missing_frame_dir
51054,missing_frame_dir
51069,missing_frame_dir
51070,missing_frame_dir
51071,missing_frame_dir
51072,missing_frame_dir
51077,missing_frame_dir
51206,missing_frame_dir
51228,missing_frame_dir
51229,missing_frame_dir
51230,missing_frame_dir
51234,missing_frame_dir
51349,missing_frame_dir
51350,missing_frame_dir
51351,missing_frame_dir
51352,missing_frame_dir
51357,missing_frame_dir
51358,missing_frame_dir
51494,missing_frame_dir
51505,missing_frame_dir
51506,missing_frame_dir
51514,missing_frame_dir
51515,missing_frame_dir
51516,missing_frame_dir
51630,missing_frame_dir
51633,missing_frame_dir
51772,missing_frame_dir
51776,missing_frame_dir
51779,missing_frame_dir
51780,missing_frame_dir
52550,missing_frame_dir
52558,missing_frame_dir
52559,missing_frame_dir
52562,missing_frame_dir
52564,missing_frame_dir
52565,missing_frame_dir
52834,missing_frame_dir
52861,missing_frame_dir
52864,missing_frame_dir
52865,missing_frame_dir
52866,missing_frame_dir
53190,missing_frame_dir
53211,missing_frame_dir
53213,missing_frame_dir
53214,missing_frame_dir
53215,missing_frame_dir
53258,missing_frame_dir
53272,missing_frame_dir
53276,missing_frame_dir
53277,missing_frame_dir
53278,missing_frame_dir
53290,missing_frame_dir
53297,missing_frame_dir
53298,missing_frame_dir
53302,missing_frame_dir
53303,missing_frame_dir
53453,missing_frame_dir
53487,missing_frame_dir
53489,missing_frame_dir
53490,missing_frame_dir
53491,missing_frame_dir
53492,missing_frame_dir
54548,missing_frame_dir
54559,missing_frame_dir
54560,missing_frame_dir
54564,missing_frame_dir
54565,missing_frame_dir
54566,missing_frame_dir
55332,missing_frame_dir
55342,missing_frame_dir
55344,missing_frame_dir
55345,missing_frame_dir
55346,missing_frame_dir
55347,missing_frame_dir
55356,missing_frame_dir
55367,missing_frame_dir
55370,missing_frame_dir
55371,missing_frame_dir
55372,missing_frame_dir
55373,missing_frame_dir
55374,missing_frame_dir
55768,missing_frame_dir
55774,missing_frame_dir
55775,missing_frame_dir
55778,missing_frame_dir
55779,missing_frame_dir
55780,missing_frame_dir
55781,missing_frame_dir
56552,missing_frame_dir
56560,missing_frame_dir
56564,missing_frame_dir
56566,missing_frame_dir
56567,missing_frame_dir
56568,missing_frame_dir
56569,missing_frame_dir
56571,missing_frame_dir
56573,missing_frame_dir
56574,missing_frame_dir
56576,missing_frame_dir
56577,missing_frame_dir
56578,missing_frame_dir
56652,missing_frame_dir
56695,missing_frame_dir
56696,missing_frame_dir
56697,missing_frame_dir
56703,missing_frame_dir
56835,missing_frame_dir
56845,missing_frame_dir
56849,missing_frame_dir
56850,missing_frame_dir
56851,missing_frame_dir
57034,missing_frame_dir
57035,missing_frame_dir
57037,missing_frame_dir
57043,missing_frame_dir
57046,missing_frame_dir
57047,missing_frame_dir
57048,missing_frame_dir
57049,missing_frame_dir
57050,missing_frame_dir
57062,missing_frame_dir
57065,missing_frame_dir
57066,missing_frame_dir
57067,missing_frame_dir
57081,missing_frame_dir
57083,missing_frame_dir
57084,missing_frame_dir
57085,missing_frame_dir
57086,missing_frame_dir
57273,missing_frame_dir
57279,missing_frame_dir
57280,missing_frame_dir
57281,missing_frame_dir
57288,missing_frame_dir
57289,missing_frame_dir
57290,missing_frame_dir
57519,missing_frame_dir
57532,missing_frame_dir
57533,missing_frame_dir
57536,missing_frame_dir
57537,missing_frame_dir
57539,missing_frame_dir
57540,missing_frame_dir
57636,missing_frame_dir
57637,missing_frame_dir
57642,missing_frame_dir
57643,missing_frame_dir
57645,missing_frame_dir
57646,missing_frame_dir
57781,missing_frame_dir
57786,missing_frame_dir
57787,missing_frame_dir
57792,missing_frame_dir
57793,missing_frame_dir
57919,missing_frame_dir
57944,missing_frame_dir
57945,missing_frame_dir
57950,missing_frame_dir
57952,missing_frame_dir
58359,missing_frame_dir
58364,missing_frame_dir
58367,missing_frame_dir
58368,missing_frame_dir
58369,missing_frame_dir
58488,missing_frame_dir
58500,missing_frame_dir
58501,missing_frame_dir
58504,missing_frame_dir
58505,missing_frame_dir
58506,missing_frame_dir
58507,missing_frame_dir
58588,missing_frame_dir
58595,missing_frame_dir
58596,missing_frame_dir
58597,missing_frame_dir
58598,missing_frame_dir
58599,missing_frame_dir
58782,missing_frame_dir
58789,missing_frame_dir
58790,missing_frame_dir
58792,missing_frame_dir
58793,missing_frame_dir
58794,missing_frame_dir
59203,missing_frame_dir
59213,missing_frame_dir
59218,missing_frame_dir
59298,missing_frame_dir
59311,missing_frame_dir
59317,missing_frame_dir
59318,missing_frame_dir
59479,missing_frame_dir
59501,missing_frame_dir
59504,missing_frame_dir
59505,missing_frame_dir
60345,missing_frame_dir
60351,missing_frame_dir
60355,missing_frame_dir
60356,missing_frame_dir
61804,missing_frame_dir
61811,missing_frame_dir
61813,missing_frame_dir
61814,missing_frame_dir
61815,missing_frame_dir
61816,missing_frame_dir
61817,missing_frame_dir
61818,missing_frame_dir
62077,missing_frame_dir
62104,missing_frame_dir
62105,missing_frame_dir
62109,missing_frame_dir
62110,missing_frame_dir
62111,missing_frame_dir
62112,missing_frame_dir
62152,missing_frame_dir
62165,missing_frame_dir
62166,missing_frame_dir
62171,missing_frame_dir
62172,missing_frame_dir
62173,missing_frame_dir
62174,missing_frame_dir
62241,missing_frame_dir
62249,missing_frame_dir
62253,missing_frame_dir
62254,missing_frame_dir
62256,missing_frame_dir
62257,missing_frame_dir
62258,missing_frame_dir
62267,missing_frame_dir
62277,missing_frame_dir
62278,missing_frame_dir
62280,missing_frame_dir
62281,missing_frame_dir
62282,missing_frame_dir
62283,missing_frame_dir
62479,missing_frame_dir
62504,missing_frame_dir
62507,missing_frame_dir
62508,missing_frame_dir
62509,missing_frame_dir
62728,missing_frame_dir
62744,missing_frame_dir
62749,missing_frame_dir
62750,missing_frame_dir
62751,missing_frame_dir
62944,missing_frame_dir
62971,missing_frame_dir
62973,missing_frame_dir
62982,missing_frame_dir
62984,missing_frame_dir
62986,missing_frame_dir
63079,missing_frame_dir
63085,missing_frame_dir
63088,missing_frame_dir
63089,missing_frame_dir
63090,missing_frame_dir
63191,missing_frame_dir
63206,missing_frame_dir
63209,missing_frame_dir
63210,missing_frame_dir
63211,missing_frame_dir
63212,missing_frame_dir
63213,missing_frame_dir
63219,missing_frame_dir
63233,missing_frame_dir
63234,missing_frame_dir
63238,missing_frame_dir
63239,missing_frame_dir
63240,missing_frame_dir
63241,missing_frame_dir
63279,missing_frame_dir
63286,missing_frame_dir
63290,missing_frame_dir
63291,missing_frame_dir
63325,missing_frame_dir
63330,missing_frame_dir
63331,missing_frame_dir
63333,missing_frame_dir
63334,missing_frame_dir
63335,missing_frame_dir
63336,missing_frame_dir
63415,missing_frame_dir
63420,missing_frame_dir
63421,missing_frame_dir
63423,missing_frame_dir
63424,missing_frame_dir
63425,missing_frame_dir
63426,missing_frame_dir
63574,missing_frame_dir
63591,missing_frame_dir
63593,missing_frame_dir
63594,missing_frame_dir
63595,missing_frame_dir
63662,missing_frame_dir
63670,missing_frame_dir
63671,missing_frame_dir
63675,missing_frame_dir
63676,missing_frame_dir
63677,missing_frame_dir
63678,missing_frame_dir
63769,missing_frame_dir
63794,missing_frame_dir
63801,missing_frame_dir
63802,missing_frame_dir
63803,missing_frame_dir
63804,missing_frame_dir
63805,missing_frame_dir
64049,missing_frame_dir
64062,missing_frame_dir
64064,missing_frame_dir
64066,missing_frame_dir
64067,missing_frame_dir
64082,missing_frame_dir
64089,missing_frame_dir
64092,missing_frame_dir
64093,missing_frame_dir
64094,missing_frame_dir
64095,missing_frame_dir
64096,missing_frame_dir
64201,missing_frame_dir
64215,missing_frame_dir
64216,missing_frame_dir
64217,missing_frame_dir
64221,missing_frame_dir
64222,missing_frame_dir
64223,missing_frame_dir
64260,missing_frame_dir
64265,missing_frame_dir
64267,missing_frame_dir
64268,missing_frame_dir
64269,missing_frame_dir
64270,missing_frame_dir
64275,missing_frame_dir
64289,missing_frame_dir
64290,missing_frame_dir
64294,missing_frame_dir
64295,missing_frame_dir
64296,missing_frame_dir
64297,missing_frame_dir
64298,missing_frame_dir
64299,missing_frame_dir
64303,missing_frame_dir
64310,missing_frame_dir
64312,missing_frame_dir
64313,missing_frame_dir
64314,missing_frame_dir
64351,missing_frame_dir
64384,missing_frame_dir
64386,missing_frame_dir
64387,missing_frame_dir
64388,missing_frame_dir
64389,missing_frame_dir
64390,missing_frame_dir
64423,missing_frame_dir
64431,missing_frame_dir
64432,missing_frame_dir
64435,missing_frame_dir
64436,missing_frame_dir
64437,missing_frame_dir
64438,missing_frame_dir
64439,missing_frame_dir
64440,missing_frame_dir
65225,missing_frame_dir
65332,missing_frame_dir
65432,missing_frame_dir
65500,missing_frame_dir
65717,missing_frame_dir
66266,missing_frame_dir
66780,missing_frame_dir
67003,missing_frame_dir
67008,missing_frame_dir
67009,missing_frame_dir
67010,missing_frame_dir
67012,missing_frame_dir
67013,missing_frame_dir
67014,missing_frame_dir
67015,missing_frame_dir
67034,missing_frame_dir
67036,missing_frame_dir
67038,missing_frame_dir
67039,missing_frame_dir
67044,missing_frame_dir
67052,missing_frame_dir
67057,missing_frame_dir
67058,missing_frame_dir
67061,missing_frame_dir
67066,missing_frame_dir
67067,missing_frame_dir
67068,missing_frame_dir
67069,missing_frame_dir
67076,missing_frame_dir
67078,missing_frame_dir
67081,missing_frame_dir
67083,missing_frame_dir
67097,missing_frame_dir
67105,missing_frame_dir
67107,missing_frame_dir
67111,missing_frame_dir
67114,missing_frame_dir
67119,missing_frame_dir
67125,missing_frame_dir
67129,missing_frame_dir
67134,missing_frame_dir
67139,missing_frame_dir
67142,missing_frame_dir
67143,missing_frame_dir
67149,missing_frame_dir
67153,missing_frame_dir
67154,missing_frame_dir
67157,missing_frame_dir
67159,missing_frame_dir
67161,missing_frame_dir
67162,missing_frame_dir
67170,missing_frame_dir
67177,missing_frame_dir
67188,missing_frame_dir
67195,missing_frame_dir
67201,missing_frame_dir
67204,missing_frame_dir
67214,missing_frame_dir
67221,missing_frame_dir
67226,missing_frame_dir
67227,missing_frame_dir
67230,missing_frame_dir
67256,missing_frame_dir
67275,missing_frame_dir
67278,missing_frame_dir
67279,missing_frame_dir
67280,missing_frame_dir
67281,missing_frame_dir
67282,missing_frame_dir
67287,missing_frame_dir
67290,missing_frame_dir
67292,missing_frame_dir
67299,missing_frame_dir
67306,missing_frame_dir
67309,missing_frame_dir
67310,missing_frame_dir
67314,missing_frame_dir
67319,missing_frame_dir
67323,missing_frame_dir
67334,missing_frame_dir
67339,missing_frame_dir
67341,missing_frame_dir
67342,missing_frame_dir
67350,missing_frame_dir
67356,missing_frame_dir
67363,missing_frame_dir
67367,missing_frame_dir
67371,missing_frame_dir
67377,missing_frame_dir
67379,missing_frame_dir
67381,missing_frame_dir
67382,missing_frame_dir
67383,missing_frame_dir
67384,missing_frame_dir
67385,missing_frame_dir
67387,missing_frame_dir
67389,missing_frame_dir
67392,missing_frame_dir
67393,missing_frame_dir
67394,missing_frame_dir
67397,missing_frame_dir
67399,missing_frame_dir
67400,missing_frame_dir
67404,missing_frame_dir
67411,missing_frame_dir
67413,missing_frame_dir
67414,missing_frame_dir
67415,missing_frame_dir
67420,missing_frame_dir
67424,missing_frame_dir
67431,missing_frame_dir
67433,missing_frame_dir
67445,missing_frame_dir
67446,missing_frame_dir
67450,missing_frame_dir
67451,missing_frame_dir
67453,missing_frame_dir
67460,missing_frame_dir
67465,missing_frame_dir
67468,missing_frame_dir
67470,missing_frame_dir
67475,missing_frame_dir
67477,missing_frame_dir
67480,missing_frame_dir
67481,missing_frame_dir
67483,missing_frame_dir
67487,missing_frame_dir
67489,missing_frame_dir
67490,missing_frame_dir
67491,missing_frame_dir
67492,missing_frame_dir
67495,missing_frame_dir
67501,missing_frame_dir
67502,missing_frame_dir
67504,missing_frame_dir
67510,missing_frame_dir
67512,missing_frame_dir
67513,missing_frame_dir
67514,missing_frame_dir
67519,missing_frame_dir
67527,missing_frame_dir
67528,missing_frame_dir
67530,missing_frame_dir
67531,missing_frame_dir
67532,missing_frame_dir
67534,missing_frame_dir
67535,missing_frame_dir
67536,missing_frame_dir
67539,missing_frame_dir
67545,missing_frame_dir
67548,missing_frame_dir
67549,missing_frame_dir
67550,missing_frame_dir
67553,missing_frame_dir
67555,missing_frame_dir
67556,missing_frame_dir
67559,missing_frame_dir
67574,missing_frame_dir
67577,missing_frame_dir
67578,missing_frame_dir
67579,missing_frame_dir
67583,missing_frame_dir
67588,missing_frame_dir
67593,missing_frame_dir
67594,missing_frame_dir
67595,missing_frame_dir
67607,missing_frame_dir
67609,missing_frame_dir
67610,missing_frame_dir
67611,missing_frame_dir
67612,missing_frame_dir
67624,missing_frame_dir
67642,missing_frame_dir
67643,missing_frame_dir
67646,missing_frame_dir
67647,missing_frame_dir
67649,missing_frame_dir
67653,missing_frame_dir
67659,missing_frame_dir
67660,missing_frame_dir
67663,missing_frame_dir
67666,missing_frame_dir
67667,missing_frame_dir
67672,missing_frame_dir
67673,missing_frame_dir
67691,missing_frame_dir
67692,missing_frame_dir
67697,missing_frame_dir
67700,missing_frame_dir
67702,missing_frame_dir
67709,missing_frame_dir
67710,missing_frame_dir
67715,missing_frame_dir
67721,missing_frame_dir
67722,missing_frame_dir
67723,missing_frame_dir
67729,missing_frame_dir
67737,missing_frame_dir
67743,missing_frame_dir
67744,missing_frame_dir
67745,missing_frame_dir
67746,missing_frame_dir
67747,missing_frame_dir
67750,missing_frame_dir
67752,missing_frame_dir
67757,missing_frame_dir
67758,missing_frame_dir
67765,missing_frame_dir
67769,missing_frame_dir
67776,missing_frame_dir
67777,missing_frame_dir
67778,missing_frame_dir
67781,missing_frame_dir
67793,missing_frame_dir
67794,missing_frame_dir
67802,missing_frame_dir
67810,missing_frame_dir
67815,missing_frame_dir
67817,missing_frame_dir
67821,missing_frame_dir
67823,missing_frame_dir
67826,missing_frame_dir
67827,missing_frame_dir
67828,missing_frame_dir
67829,missing_frame_dir
67831,missing_frame_dir
67835,missing_frame_dir
67836,missing_frame_dir
67840,missing_frame_dir
67851,missing_frame_dir
67852,missing_frame_dir
67853,missing_frame_dir
67861,missing_frame_dir
67871,missing_frame_dir
67872,missing_frame_dir
67873,missing_frame_dir
67875,missing_frame_dir
67880,missing_frame_dir
67881,missing_frame_dir
67882,missing_frame_dir
67886,missing_frame_dir
67890,missing_frame_dir
67893,missing_frame_dir
67901,missing_frame_dir
67906,missing_frame_dir
67908,missing_frame_dir
67914,missing_frame_dir
67917,missing_frame_dir
67922,missing_frame_dir
67925,missing_frame_dir
67929,missing_frame_dir
67934,missing_frame_dir
67937,missing_frame_dir
67943,missing_frame_dir
67944,missing_frame_dir
67949,missing_frame_dir
67950,missing_frame_dir
67951,missing_frame_dir
67958,missing_frame_dir
67959,missing_frame_dir
67961,missing_frame_dir
67965,missing_frame_dir
67971,missing_frame_dir
67981,missing_frame_dir
67990,missing_frame_dir
68001,missing_frame_dir
68003,missing_frame_dir
68007,missing_frame_dir
68010,missing_frame_dir
68011,missing_frame_dir
68012,missing_frame_dir
68016,missing_frame_dir
68018,missing_frame_dir
68019,missing_frame_dir
68020,missing_frame_dir
68021,missing_frame_dir
68024,missing_frame_dir
68025,missing_frame_dir
68026,missing_frame_dir
68027,missing_frame_dir
68028,missing_frame_dir
68029,missing_frame_dir
68032,missing_frame_dir
68033,missing_frame_dir
68034,missing_frame_dir
68035,missing_frame_dir
68038,missing_frame_dir
68039,missing_frame_dir
68040,missing_frame_dir
68041,missing_frame_dir
68042,missing_frame_dir
68043,missing_frame_dir
68044,missing_frame_dir
68046,missing_frame_dir
68048,missing_frame_dir
68050,missing_frame_dir
68053,missing_frame_dir
68054,missing_frame_dir
68056,missing_frame_dir
68064,missing_frame_dir
68065,missing_frame_dir
68068,missing_frame_dir
68069,missing_frame_dir
68070,missing_frame_dir
68072,missing_frame_dir
68079,missing_frame_dir
68080,missing_frame_dir
68084,missing_frame_dir
68085,missing_frame_dir
68086,missing_frame_dir
68088,missing_frame_dir
68089,missing_frame_dir
68090,missing_frame_dir
68093,missing_frame_dir
68099,missing_frame_dir
68100,missing_frame_dir
68102,missing_frame_dir
68104,missing_frame_dir
68105,missing_frame_dir
68106,missing_frame_dir
68110,missing_frame_dir
68111,missing_frame_dir
68114,missing_frame_dir
68122,missing_frame_dir
68125,missing_frame_dir
68126,missing_frame_dir
68127,missing_frame_dir
68129,missing_frame_dir
68132,missing_frame_dir
68133,missing_frame_dir
68137,missing_frame_dir
68138,missing_frame_dir
68139,missing_frame_dir
68141,missing_frame_dir
68142,missing_frame_dir
68145,missing_frame_dir
68152,missing_frame_dir
68154,missing_frame_dir
68159,missing_frame_dir
68162,missing_frame_dir
68166,missing_frame_dir
68167,missing_frame_dir
68168,missing_frame_dir
68171,missing_frame_dir
68172,missing_frame_dir
68173,missing_frame_dir
68177,missing_frame_dir
68178,missing_frame_dir
68179,missing_frame_dir
68181,missing_frame_dir
68182,missing_frame_dir
68183,missing_frame_dir
68184,missing_frame_dir
68186,missing_frame_dir
68187,missing_frame_dir
68189,missing_frame_dir
68190,missing_frame_dir
68191,missing_frame_dir
68192,missing_frame_dir
68202,missing_frame_dir
68208,missing_frame_dir
68214,missing_frame_dir
68218,missing_frame_dir
68226,missing_frame_dir
68228,missing_frame_dir
68230,missing_frame_dir
68242,missing_frame_dir
68248,missing_frame_dir
68268,missing_frame_dir
68274,missing_frame_dir
68276,missing_frame_dir
68284,missing_frame_dir
68288,missing_frame_dir
68292,missing_frame_dir
68294,missing_frame_dir
68320,missing_frame_dir
68330,missing_frame_dir
68334,missing_frame_dir
68336,missing_frame_dir
68338,missing_frame_dir
68344,missing_frame_dir
68350,missing_frame_dir
68352,missing_frame_dir
68364,missing_frame_dir
68368,missing_frame_dir
68374,missing_frame_dir
68376,missing_frame_dir
68380,missing_frame_dir
68396,missing_frame_dir
68398,missing_frame_dir
68400,missing_frame_dir
68406,missing_frame_dir
68412,missing_frame_dir
68416,missing_frame_dir
68424,missing_frame_dir
68426,missing_frame_dir
68428,missing_frame_dir
68446,missing_frame_dir
68452,missing_frame_dir
68466,missing_frame_dir
68476,missing_frame_dir
68478,missing_frame_dir
68480,missing_frame_dir
68488,missing_frame_dir
68496,missing_frame_dir
68510,missing_frame_dir
68514,missing_frame_dir
68520,missing_frame_dir
68528,missing_frame_dir
68538,missing_frame_dir
68540,missing_frame_dir
68544,missing_frame_dir
68548,missing_frame_dir
68554,missing_frame_dir
68562,missing_frame_dir
68566,missing_frame_dir
68572,missing_frame_dir
68574,missing_frame_dir
68576,missing_frame_dir
68580,missing_frame_dir
68586,missing_frame_dir
68592,missing_frame_dir
68594,missing_frame_dir
68610,missing_frame_dir
68612,missing_frame_dir
68616,missing_frame_dir
68622,missing_frame_dir
68624,missing_frame_dir
68626,missing_frame_dir
68628,missing_frame_dir
68632,missing_frame_dir
68636,missing_frame_dir
68646,missing_frame_dir
68652,missing_frame_dir
68654,missing_frame_dir
68660,missing_frame_dir
68664,missing_frame_dir
68666,missing_frame_dir
68670,missing_frame_dir
68674,missing_frame_dir
68688,missing_frame_dir
68692,missing_frame_dir
68694,missing_frame_dir
68706,missing_frame_dir
68714,missing_frame_dir
68720,missing_frame_dir
68722,missing_frame_dir
68726,missing_frame_dir
68738,missing_frame_dir
68740,missing_frame_dir
68746,missing_frame_dir
68756,missing_frame_dir
68762,missing_frame_dir
68764,missing_frame_dir
68766,missing_frame_dir
68770,missing_frame_dir
68772,missing_frame_dir
68776,missing_frame_dir
68782,missing_frame_dir
68790,missing_frame_dir
68794,missing_frame_dir
68798,missing_frame_dir
68800,missing_frame_dir
68810,missing_frame_dir
68826,missing_frame_dir
68828,missing_frame_dir
68832,missing_frame_dir
68840,missing_frame_dir
68842,missing_frame_dir
68852,missing_frame_dir
68856,missing_frame_dir
68858,missing_frame_dir
68864,missing_frame_dir
68870,missing_frame_dir
68890,missing_frame_dir
68898,missing_frame_dir
68900,missing_frame_dir
68904,missing_frame_dir
68914,missing_frame_dir
68918,missing_frame_dir
68920,missing_frame_dir
68924,missing_frame_dir
68928,missing_frame_dir
68952,missing_frame_dir
68954,missing_frame_dir
68956,missing_frame_dir
68964,missing_frame_dir
68966,missing_frame_dir
68972,missing_frame_dir
68974,missing_frame_dir
68978,missing_frame_dir
68984,missing_frame_dir
68988,missing_frame_dir
68990,missing_frame_dir
68992,missing_frame_dir
68996,missing_frame_dir
68998,missing_frame_dir
69000,missing_frame_dir
69002,missing_frame_dir
69004,missing_frame_dir
69006,missing_frame_dir
69016,missing_frame_dir
69024,missing_frame_dir
69028,missing_frame_dir
69034,missing_frame_dir
69040,missing_frame_dir
69044,missing_frame_dir
69048,missing_frame_dir
69054,missing_frame_dir
69056,missing_frame_dir
69060,missing_frame_dir
69066,missing_frame_dir
69068,missing_frame_dir
69086,missing_frame_dir
69088,missing_frame_dir
69092,missing_frame_dir
70015,missing_frame_dir
70016,missing_frame_dir
70019,missing_frame_dir
70022,missing_frame_dir
70026,missing_frame_dir
70029,missing_frame_dir
70030,missing_frame_dir
70031,missing_frame_dir
70033,missing_frame_dir
70034,missing_frame_dir
70037,missing_frame_dir
70049,missing_frame_dir
70051,missing_frame_dir
70052,missing_frame_dir
70064,missing_frame_dir
70065,missing_frame_dir
70066,missing_frame_dir
70069,missing_frame_dir
70075,missing_frame_dir
70079,missing_frame_dir
70082,missing_frame_dir
70083,missing_frame_dir
70085,missing_frame_dir
70107,missing_frame_dir
70119,missing_frame_dir
70122,missing_frame_dir
70124,missing_frame_dir
70129,missing_frame_dir
70132,missing_frame_dir
70149,missing_frame_dir
70151,missing_frame_dir
70152,missing_frame_dir
70153,missing_frame_dir
70158,missing_frame_dir
70164,missing_frame_dir
70170,missing_frame_dir
70172,missing_frame_dir
70173,missing_frame_dir
70176,missing_frame_dir
70177,missing_frame_dir
70188,missing_frame_dir
70198,missing_frame_dir
70200,missing_frame_dir
70204,missing_frame_dir
70205,missing_frame_dir
70206,missing_frame_dir
70207,missing_frame_dir
70209,missing_frame_dir
70210,missing_frame_dir
70211,missing_frame_dir
70212,missing_frame_dir
70213,missing_frame_dir
70217,missing_frame_dir
70219,missing_frame_dir
70220,missing_frame_dir
70221,missing_frame_dir
70222,missing_frame_dir
70230,missing_frame_dir
70231,missing_frame_dir
70234,missing_frame_dir
70236,missing_frame_dir
70237,missing_frame_dir
70239,missing_frame_dir
70240,missing_frame_dir
70241,missing_frame_dir
70242,missing_frame_dir
70244,missing_frame_dir
70245,missing_frame_dir
70246,missing_frame_dir
70247,missing_frame_dir
70249,missing_frame_dir
70250,missing_frame_dir
70254,missing_frame_dir
70256,missing_frame_dir
70257,missing_frame_dir
70259,missing_frame_dir
70261,missing_frame_dir
70262,missing_frame_dir
70263,missing_frame_dir
70264,missing_frame_dir
70265,missing_frame_dir
70266,missing_frame_dir
70267,missing_frame_dir
70270,missing_frame_dir
70271,missing_frame_dir
70274,missing_frame_dir
70284,missing_frame_dir
70295,missing_frame_dir
70296,missing_frame_dir
70297,missing_frame_dir
70298,missing_frame_dir
70299,missing_frame_dir
70303,missing_frame_dir
70304,missing_frame_dir
70306,missing_frame_dir
70308,missing_frame_dir
70309,missing_frame_dir
70310,missing_frame_dir
70320,missing_frame_dir
70323,missing_frame_dir
70325,missing_frame_dir
70326,missing_frame_dir
70332,missing_frame_dir
70333,missing_frame_dir
70334,missing_frame_dir
70335,missing_frame_dir
70341,missing_frame_dir
70342,missing_frame_dir
70345,missing_frame_dir
70347,missing_frame_dir
70348,missing_frame_dir
70351,missing_frame_dir
70355,missing_frame_dir
70356,missing_frame_dir
70357,missing_frame_dir
70359,missing_frame_dir
70361,missing_frame_dir
70363,missing_frame_dir
70373,missing_frame_dir
70375,missing_frame_dir
70376,missing_frame_dir
70378,missing_frame_dir
70379,missing_frame_dir
